roi_id,name,network,hemisphere,x,y,z
1,7Networks_LH_Vis_1,Visual,LH,-25.75,-32.62,-17.38
2,7Networks_LH_Vis_2,Visual,LH,-25.48,-76.59,-13.51
3,7Networks_LH_Vis_3,Visual,LH,-16.44,-60.95,-6.74
4,7Networks_LH_Vis_4,Visual,LH,-27.13,-94.49,-4.74
5,7Networks_LH_Vis_5,Visual,LH,-5.42,-92.13,-2.57
6,7Networks_LH_Vis_6,Visual,LH,-12.1,-65.38,6.11
7,7Networks_LH_Vis_7,Visual,LH,-47.05,-70.84,10.5
8,7Networks_LH_Vis_8,Visual,LH,-25.75,-88.01,20.5
9,7Networks_LH_Vis_9,Visual,LH,-7.2,-81.47,25.94
10,7Networks_LH_SomMot_1,SomMot,LH,-53.16,-22.39,7.93
11,7Networks_LH_SomMot_2,SomMot,LH,-37.24,-21.2,15.5
12,7Networks_LH_SomMot_3,SomMot,LH,-54.48,-11.34,13.61
13,7Networks_LH_SomMot_4,SomMot,LH,-54.6,-8.25,33.45
14,7Networks_LH_SomMot_5,SomMot,LH,-39.28,-23.19,58.93
15,7Networks_LH_SomMot_6,SomMot,LH,-10.8,-26.32,63.51
16,7Networks_LH_DorsAttn_Post_1,DorsAttn,LH,-46.62,-56.81,-12.53
17,7Networks_LH_DorsAttn_Post_2,DorsAttn,LH,-57.49,-25.0,38.51
18,7Networks_LH_DorsAttn_Post_3,DorsAttn,LH,-25.08,-68.07,48.13
19,7Networks_LH_DorsAttn_Post_4,DorsAttn,LH,-41.69,-34.44,48.02
20,7Networks_LH_DorsAttn_Post_5,DorsAttn,LH,-5.8,-59.82,56.43
21,7Networks_LH_DorsAttn_Post_6,DorsAttn,LH,-22.32,-50.5,66.14
22,7Networks_LH_DorsAttn_PrCv_1,DorsAttn,LH,-48.05,6.02,27.74
23,7Networks_LH_DorsAttn_FEF_1,DorsAttn,LH,-27.08,-2.88,58.89
24,7Networks_LH_SalVentAttn_ParOper_1,SalVentAttn,LH,-58.62,-37.71,30.15
25,7Networks_LH_SalVentAttn_FrOperIns_1,SalVentAttn,LH,-41.6,-1.59,-6.61
26,7Networks_LH_SalVentAttn_FrOperIns_2,SalVentAttn,LH,-38.09,12.11,6.44
27,7Networks_LH_SalVentAttn_PFCl_1,SalVentAttn,LH,-29.6,43.54,29.76
28,7Networks_LH_SalVentAttn_Med_1,SalVentAttn,LH,-5.11,19.57,33.6
29,7Networks_LH_SalVentAttn_Med_2,SalVentAttn,LH,-10.63,-34.39,45.88
30,7Networks_LH_SalVentAttn_Med_3,SalVentAttn,LH,-6.13,3.22,61.46
31,7Networks_LH_Limbic_OFC_1,Limbic,LH,-13.65,32.43,-19.88
32,7Networks_LH_Limbic_TempPole_1,Limbic,LH,-33.42,0.95,-34.81
33,7Networks_LH_Limbic_TempPole_2,Limbic,LH,-56.67,-32.25,-21.15
34,7Networks_LH_Cont_Par_1,Cont,LH,-37.49,-53.96,46.36
35,7Networks_LH_Cont_PFCl_1,Cont,LH,-43.09,32.61,20.21
36,7Networks_LH_Cont_pCun_1,Cont,LH,-9.56,-73.09,37.49
37,7Networks_LH_Cont_Cing_1,Cont,LH,-3.74,-26.26,32.55
38,7Networks_LH_Default_Temp_1,Default,LH,-55.2,-3.41,-20.34
39,7Networks_LH_Default_Temp_2,Default,LH,-57.9,-31.78,-1.52
40,7Networks_LH_Default_Par_1,Default,LH,-57.18,-50.05,11.68
41,7Networks_LH_Default_Par_2,Default,LH,-47.25,-63.26,35.59
42,7Networks_LH_Default_PFC_1,Default,LH,-34.76,21.73,-11.0
43,7Networks_LH_Default_PFC_2,Default,LH,-46.23,33.46,-1.71
44,7Networks_LH_Default_PFC_3,Default,LH,-5.86,46.52,-0.88
45,7Networks_LH_Default_PFC_4,Default,LH,-23.02,59.93,-1.41
46,7Networks_LH_Default_PFC_5,Default,LH,-9.92,44.53,39.61
47,7Networks_LH_Default_PFC_6,Default,LH,-40.96,14.42,47.86
48,7Networks_LH_Default_PFC_7,Default,LH,-25.09,20.36,51.4
49,7Networks_LH_Default_pCunPCC_1,Default,LH,-11.37,-55.81,13.01
50,7Networks_LH_Default_pCunPCC_2,Default,LH,-5.77,-53.03,32.91
51,7Networks_RH_Vis_1,Visual,RH,31.65,-30.67,-21.4
52,7Networks_RH_Vis_2,Visual,RH,27.08,-65.13,-11.68
53,7Networks_RH_Vis_3,Visual,RH,49.33,-60.03,-10.96
54,7Networks_RH_Vis_4,Visual,RH,22.47,-93.83,-3.65
55,7Networks_RH_Vis_5,Visual,RH,8.01,-76.2,4.58
56,7Networks_RH_Vis_6,Visual,RH,16.62,-57.89,6.22
57,7Networks_RH_Vis_7,Visual,RH,36.31,-81.6,16.91
58,7Networks_RH_Vis_8,Visual,RH,13.14,-86.11,28.78
59,7Networks_RH_SomMot_1,SomMot,RH,53.18,-15.69,6.04
60,7Networks_RH_SomMot_2,SomMot,RH,40.65,-15.45,14.95
61,7Networks_RH_SomMot_3,SomMot,RH,56.69,-4.11,11.58
62,7Networks_RH_SomMot_4,SomMot,RH,57.48,-5.17,30.56
63,7Networks_RH_SomMot_5,SomMot,RH,46.38,-10.65,48.06
64,7Networks_RH_SomMot_6,SomMot,RH,41.14,-21.58,59.59
65,7Networks_RH_SomMot_7,SomMot,RH,30.29,-37.5,63.73
66,7Networks_RH_SomMot_8,SomMot,RH,11.34,-24.04,65.32
67,7Networks_RH_DorsAttn_Post_1,DorsAttn,RH,50.84,-62.88,15.72
68,7Networks_RH_DorsAttn_Post_2,DorsAttn,RH,49.58,-23.77,41.96
69,7Networks_RH_DorsAttn_Post_3,DorsAttn,RH,39.27,-45.16,49.14
70,7Networks_RH_DorsAttn_Post_4,DorsAttn,RH,26.52,-66.78,50.2
71,7Networks_RH_DorsAttn_Post_5,DorsAttn,RH,14.61,-52.51,65.66
72,7Networks_RH_DorsAttn_PrCv_1,DorsAttn,RH,48.84,9.89,27.17
73,7Networks_RH_DorsAttn_FEF_1,DorsAttn,RH,28.15,-2.43,58.9
74,7Networks_RH_SalVentAttn_TempOccPar_1,SalVentAttn,RH,58.03,-42.12,13.32
75,7Networks_RH_SalVentAttn_TempOccPar_2,SalVentAttn,RH,60.25,-25.58,27.91
76,7Networks_RH_SalVentAttn_FrOperIns_1,SalVentAttn,RH,40.42,7.98,0.67
77,7Networks_RH_SalVentAttn_Med_1,SalVentAttn,RH,10.68,-30.21,45.36
78,7Networks_RH_SalVentAttn_Med_2,SalVentAttn,RH,7.91,5.75,52.53
79,7Networks_RH_Limbic_OFC_1,Limbic,RH,12.78,36.54,-19.5
80,7Networks_RH_Limbic_TempPole_1,Limbic,RH,38.36,-0.27,-35.34
81,7Networks_RH_Cont_Par_1,Cont,RH,57.81,-38.65,43.17
82,7Networks_RH_Cont_Par_2,Cont,RH,45.2,-62.47,45.87
83,7Networks_RH_Cont_PFCl_1,Cont,RH,29.87,57.09,-2.61
84,7Networks_RH_Cont_PFCl_2,Cont,RH,45.28,38.74,14.97
85,7Networks_RH_Cont_PFCl_3,Cont,RH,31.59,45.51,29.16
86,7Networks_RH_Cont_PFCl_4,Cont,RH,43.23,16.54,45.12
87,7Networks_RH_Cont_Cing_1,Cont,RH,5.07,-27.1,32.82
88,7Networks_RH_Cont_PFCmp_1,Cont,RH,6.34,26.68,31.53
89,7Networks_RH_Cont_pCun_1,Cont,RH,10.13,-64.63,42.22
90,7Networks_RH_Default_Par_1,Default,RH,54.74,-50.73,30.57
91,7Networks_RH_Default_Temp_1,Default,RH,61.5,-23.39,-17.94
92,7Networks_RH_Default_Temp_2,Default,RH,50.82,6.4,-17.19
93,7Networks_RH_Default_Temp_3,Default,RH,57.32,-26.24,-2.31
94,7Networks_RH_Default_PFCv_1,Default,RH,35.21,26.83,-13.74
95,7Networks_RH_Default_PFCv_2,Default,RH,50.88,28.04,-0.02
96,7Networks_RH_Default_PFCdPFCm_1,Default,RH,6.78,48.24,0.62
97,7Networks_RH_Default_PFCdPFCm_2,Default,RH,11.82,45.9,39.92
98,7Networks_RH_Default_PFCdPFCm_3,Default,RH,26.09,24.16,49.42
99,7Networks_RH_Default_pCunPCC_1,Default,RH,12.71,-54.1,14.61
100,7Networks_RH_Default_pCunPCC_2,Default,RH,7.07,-52.58,30.22
